"antecedent","consequent","count_A_union_B","count_A","count_B","support","confidence","lift"
"22697 — GREEN REGENCY TEACUP AND SAUCER + 22699 — ROSES REGENCY TEACUP AND SAUCER","22698 — PINK REGENCY TEACUP AND SAUCER","390","541","551","0.022833723653395786","0.7208872458410351","22.346196295762034"
"22698 — PINK REGENCY TEACUP AND SAUCER","22697 — GREEN REGENCY TEACUP AND SAUCER + 22699 — ROSES REGENCY TEACUP AND SAUCER","390","551","541","0.022833723653395786","0.7078039927404719","22.346196295762034"
"22698 — PINK REGENCY TEACUP AND SAUCER + 22699 — ROSES REGENCY TEACUP AND SAUCER","22697 — GREEN REGENCY TEACUP AND SAUCER","390","436","691","0.022833723653395786","0.8944954128440367","22.109958974495147"
"22697 — GREEN REGENCY TEACUP AND SAUCER","22698 — PINK REGENCY TEACUP AND SAUCER","460","691","551","0.026932084309133488","0.6657018813314037","20.635550150889976"
"22698 — PINK REGENCY TEACUP AND SAUCER","22697 — GREEN REGENCY TEACUP AND SAUCER","460","551","691","0.026932084309133488","0.8348457350272233","20.635550150889976"
"22697 — GREEN REGENCY TEACUP AND SAUCER + 22698 — PINK REGENCY TEACUP AND SAUCER","22699 — ROSES REGENCY TEACUP AND SAUCER","390","460","780","0.022833723653395786","0.8478260869565217","18.565217391304348"
"22698 — PINK REGENCY TEACUP AND SAUCER","22699 — ROSES REGENCY TEACUP AND SAUCER","436","551","780","0.025526932084309135","0.7912885662431942","17.327190655684305"
"22697 — GREEN REGENCY TEACUP AND SAUCER","22699 — ROSES REGENCY TEACUP AND SAUCER","541","691","780","0.03167447306791569","0.7829232995658466","17.14401276485213"
"22699 — ROSES REGENCY TEACUP AND SAUCER","22697 — GREEN REGENCY TEACUP AND SAUCER","541","780","691","0.03167447306791569","0.6935897435897436","17.14401276485213"
"22629 — SPACEBOY LUNCH BOX","22630 — DOLLY GIRL LUNCH BOX","424","704","616","0.024824355971896955","0.6022727272727273","16.699380165289256"
"22630 — DOLLY GIRL LUNCH BOX","22629 — SPACEBOY LUNCH BOX","424","616","704","0.024824355971896955","0.6883116883116883","16.699380165289256"
"23300 — GARDENERS KNEELING PAD CUP OF TEA","23301 — GARDENERS KNEELING PAD KEEP CALM","463","634","755","0.027107728337236535","0.7302839116719243","16.520859882591346"
"23301 — GARDENERS KNEELING PAD KEEP CALM","23300 — GARDENERS KNEELING PAD CUP OF TEA","463","755","634","0.027107728337236535","0.6132450331125828","16.520859882591346"
"22727 — ALARM CLOCK BAKELIKE RED","22726 — ALARM CLOCK BAKELIKE GREEN","530","877","784","0.031030444964871194","0.6043329532497149","13.16582505294022"
"22726 — ALARM CLOCK BAKELIKE GREEN","22727 — ALARM CLOCK BAKELIKE RED","530","784","877","0.031030444964871194","0.6760204081632653","13.165825052940216"
"22728 — ALARM CLOCK BAKELIKE PINK","22727 — ALARM CLOCK BAKELIKE RED","396","613","877","0.023185011709601872","0.6460032626427407","12.581226597420764"
"22910 — PAPER CHAIN KIT VINTAGE CHRISTMAS","22086 — PAPER CHAIN KIT 50'S CHRISTMAS","451","693","973","0.026405152224824355","0.6507936507936508","11.424003654219481"
"85099F — JUMBO BAG STRAWBERRY","85099B — JUMBO BAG RED RETROSPOT","414","654","1584","0.02423887587822014","0.6330275229357798","6.825827078120656"
"22386 — JUMBO BAG PINK POLKADOT","85099B — JUMBO BAG RED RETROSPOT","546","869","1584","0.031967213114754096","0.6283084004602992","6.774941590821914"
"21733 — RED HANGING HEART T-LIGHT HOLDER","85123A — WHITE HANGING HEART T-LIGHT HOLDER","457","677","1959","0.026756440281030445","0.6750369276218612","5.885467444503006"
